{
	"3": {
		"Average Alchohol": 9.955,
		"Average Total Sulphur Dioxide":24.9,
		"Average Density": 0.997464,
		"Average Volatile Acidity": 0.8845,
		"Average PH": 3.398,
		"Average Citric Acid": 0.171
	},
	"4": {
		"Average Alchohol": 10.26509434,
		"Average Total Sulphur Dioxide":36.24528302,
		"Average Density": 0.9965424528,
		"Average Volatile Acidity": 0.6939622642,
		"Average PH": 3.381509434,
		"Average Citric Acid": 0.1741509434
	},
	"5": {
		"Average Alchohol": 9.899706314,
		"Average Total Sulphur Dioxide": 56.51395007,
		"Average Density": 0.997103627,
		"Average Volatile Acidity": 0.577041116,
		"Average PH": 3.304948605,
		"Average Citric Acid": 0.2436857562
	},
	"6": {
		"Average Alchohol": 10.62951933,
		"Average Total Sulphur Dioxide": 40.86990596,
		"Average Density": 0.9966150627,
		"Average Volatile Acidity": 0.497484326,
		"Average PH": 3.3180721,
		"Average Citric Acid": 0.2738244514
	},
	"7": {
		"Average Alchohol": 11.4659129,
		"Average Total Sulphur Dioxide": 35.0201005,
		"Average Density": 0.9961042714,
		"Average Volatile Acidity": 0.403919598,
		"Average PH": 3.290753769,
		"Average Citric Acid": 0.3751758794
	},
	"8": {
		"Average Alchohol": 12.09444444,
		"Average Total Sulphur Dioxide": 33.44444444,
		"Average Density": 0.9952122222,
		"Average Volatile Acidity": 0.4233333333,
		"Average PH": 3.267222222,
		"Average Citric Acid": 0.3911111111
	}

}